n_qubits,avg_fidelity,avg_runtime,trials
2,0.24511947301858675,0.0,5
4,0.010213512044107436,0.0,5
6,0.006664868643418106,0.00019974708557128905,5
8,0.00273690230790839,0.0,5
