{"name": "GenAI_VQE", "fidelity": 0.9916433813603288, "trace_distance": 0.01363873735852299, "bloch_vector": {"X": 0.921875, "Y": -0.0810546875, "Z": 0.3330078125}}