{"name": "Random_0", "fidelity": 1.0000000234006257, "trace_distance": 0.010381001770248682, "bloch_vector": {"X": 1.0, "Y": 0.015625, "Z": -0.013671875}}