{"name": "Random_2", "fidelity": 0.9994157375490312, "trace_distance": 0.004595458602013057, "bloch_vector": {"X": 0.7197265625, "Y": 0.6865234375, "Z": -0.091796875}}