{"name": "Random_3", "fidelity": 0.9877251866904874, "trace_distance": 0.020027297138748842, "bloch_vector": {"X": -0.552734375, "Y": -0.3388671875, "Z": 0.7294921875}}