{"name": "Random_1", "fidelity": 1.0000001605394184, "trace_distance": 0.016836855126529948, "bloch_vector": {"X": -0.0322265625, "Y": -0.009765625, "Z": 1.0}}